subgroup,bspn_auc,bpsn_auc,subgroup_auc,method
1,0.9221678678494207,0.8173775950907339,0.9221678678494207,Original
1,0.8993353649121817,0.9148649071003655,0.8993353649121817,Correct Bias Weights
1,0.865586639571199,0.8827878406326195,0.865586639571199,Adversarial Debiasing
